phenotype,dataset,accession,control_size,case_size,risk_allele_freq,OR,model
n/a,n/a,rs10009124,1686,1686,,0.31,n/a
n/a,n/a,rs1105228,1686,1686,,0.29,n/a
n/a,n/a,rs12408989,1686,1686,,0.38,n/a
n/a,n/a,rs696888,1686,1686,,0.34,n/a
n/a,n/a,rs16841877,1686,1686,,0.34,n/a
n/a,n/a,rs4295021,1686,1686,,0.28,n/a
n/a,n/a,rs16872971,1686,1686,,1.9,n/a
n/a,n/a,rs12406463,1686,1686,,0.36,n/a
n/a,n/a,rs10009124,1686,1686,,0.27,n/a
n/a,n/a,rs16839793,1686,1686,,0.28,n/a
n/a,n/a,rs16872971,1686,1686,,1.87,n/a
n/a,n/a,rs10843287,1686,1686,,0.26,n/a
n/a,n/a,rs16841877,1686,1686,,0.33,n/a
n/a,n/a,rs2813490,1686,1686,,0.27,n/a
n/a,n/a,rs7869190,1686,1686,,0.32,n/a
n/a,n/a,rs12408989,1686,1686,,0.34,n/a
n/a,n/a,rs1105228,1686,1686,,0.28,n/a
n/a,n/a,rs4295021,1686,1686,,0.27,n/a
n/a,n/a,rs12408261,1686,1686,,0.28,n/a
n/a,n/a,rs696888,1686,1686,,0.32,n/a
n/a,n/a,rs1429606,1686,1686,,0.23,n/a
n/a,n/a,rs7775534,1686,1686,,0.08,n/a
n/a,n/a,rs1808470,1686,1686,,0.1,n/a
n/a,n/a,rs4712710,1686,1686,,0.08,n/a
n/a,n/a,rs28588043,1686,1686,,0.16,n/a
n/a,n/a,rs7239865,1686,1686,,0.08,n/a
n/a,n/a,rs186478,1686,1686,,0.21,n/a
n/a,n/a,rs1368013,1686,1686,,0.08,n/a
n/a,n/a,rs1368011,1686,1686,,0.08,n/a
n/a,n/a,rs35320143,1686,1686,,0.09,n/a
n/a,n/a,rs12991146,1686,1686,,0.26,n/a
